Date,ClimDiv,USCRN
189501,-5.66,-99.99
189502,-9.05,-99.99
189503,-3.60,-99.99
189504,1.05,-99.99
189505,-1.12,-99.99
189506,-1.70,-99.99
189507,-3.17,-99.99
189508,-1.46,-99.99
189509,-0.42,-99.99
189510,-3.71,-99.99
189511,-3.82,-99.99
189512,-2.63,-99.99
189601,-0.87,-99.99
189602,-0.61,-99.99
189603,-5.54,-99.99
189604,0.49,-99.99
189605,1.40,-99.99
189606,0.39,-99.99
189607,-0.72,-99.99
189608,-0.81,-99.99
189609,-3.05,-99.99
189610,-2.65,-99.99
189611,-4.66,-99.99
189612,1.21,-99.99
189701,-4.18,-99.99
189702,-2.26,-99.99
189703,-4.78,-99.99
189704,-0.70,-99.99
189705,0.12,-99.99
189706,-1.39,-99.99
189707,-1.05,-99.99
189708,-1.73,-99.99
189709,0.41,-99.99
189710,0.55,-99.99
189711,-2.07,-99.99
189712,-3.58,-99.99
189801,-1.68,-99.99
189802,-0.28,-99.99
189803,-2.52,-99.99
189804,-1.06,-99.99
189805,-1.12,-99.99
189806,-0.19,-99.99
189807,-1.12,-99.99
189808,-0.33,-99.99
189809,-0.53,-99.99
189810,-3.07,-99.99
189811,-4.59,-99.99
189812,-5.67,-99.99
189901,-2.67,-99.99
189902,-10.15,-99.99
189903,-5.94,-99.99
189904,-1.24,-99.99
189905,-1.16,-99.99
189906,-0.85,-99.99
189907,-1.33,-99.99
189908,-1.34,-99.99
189909,-1.19,-99.99
189910,-0.58,-99.99
189911,1.94,-99.99
189912,-2.72,-99.99
190001,1.76,-99.99
190002,-4.89,-99.99
190003,-2.30,-99.99
190004,-0.25,-99.99
190005,0.68,-99.99
190006,0.80,-99.99
190007,-1.28,-99.99
190008,-0.22,-99.99
190009,-0.85,-99.99
190010,1.79,-99.99
190011,-1.44,-99.99
190012,0.14,-99.99
190101,-0.73,-99.99
190102,-5.79,-99.99
190103,-2.86,-99.99
190104,-2.46,-99.99
190105,0.12,-99.99
190106,-1.07,-99.99
190107,1.83,-99.99
190108,0.12,-99.99
190109,-2.74,-99.99
190110,0.89,-99.99
190111,-1.30,-99.99
190112,-2.86,-99.99
190201,-2.29,-99.99
190202,-4.19,-99.99
190203,-1.99,-99.99
190204,-1.00,-99.99
190205,0.93,-99.99
190206,-1.46,-99.99
190207,-2.36,-99.99
190208,-1.71,-99.99
190209,-3.23,-99.99
190210,-0.13,-99.99
190211,0.70,-99.99
190212,-3.55,-99.99
190301,-1.47,-99.99
190302,-7.23,-99.99
190303,-1.36,-99.99
190304,-1.63,-99.99
190305,-1.52,-99.99
190306,-3.61,-99.99
190307,-2.49,-99.99
190308,-2.11,-99.99
190309,-3.26,-99.99
190310,-0.62,-99.99
190311,-2.75,-99.99
190312,-3.80,-99.99
190401,-4.80,-99.99
190402,-4.06,-99.99
190403,-1.81,-99.99
190404,-2.39,-99.99
190405,-0.93,-99.99
190406,-2.24,-99.99
190407,-3.06,-99.99
190408,-2.36,-99.99
190409,-1.03,-99.99
190410,-0.64,-99.99
190411,0.16,-99.99
190412,-2.32,-99.99
190501,-5.25,-99.99
190502,-8.71,-99.99
190503,1.55,-99.99
190504,-1.36,-99.99
190505,-1.92,-99.99
190506,-1.50,-99.99
190507,-2.43,-99.99
190508,-0.71,-99.99
190509,-0.04,-99.99
190510,-2.92,-99.99
190511,-0.74,-99.99
190512,-3.35,-99.99
190601,0.53,-99.99
190602,-1.96,-99.99
190603,-7.47,-99.99
190604,0.87,-99.99
190605,-1.48,-99.99
190606,-2.18,-99.99
190607,-2.05,-99.99
190608,-1.23,-99.99
190609,0.26,-99.99
190610,-2.02,-99.99
190611,-2.54,-99.99
190612,0.63,-99.99
190701,-1.66,-99.99
190702,-0.19,-99.99
190703,2.13,-99.99
190704,-4.32,-99.99
190705,-5.17,-99.99
190706,-3.80,-99.99
190707,-1.89,-99.99
190708,-2.29,-99.99
190709,-1.77,-99.99
190710,-0.78,-99.99
190711,-2.16,-99.99
190712,0.36,-99.99
190801,0.10,-99.99
190802,-2.64,-99.99
190803,0.35,-99.99
190804,0.90,-99.99
190805,-2.24,-99.99
190806,-2.58,-99.99
190807,-1.23,-99.99
190808,-2.40,-99.99
190809,-0.40,-99.99
190810,-2.80,-99.99
190811,-0.45,-99.99
190812,-1.03,-99.99
190901,-0.04,-99.99
190902,-0.63,-99.99
190903,-3.22,-99.99
190904,-2.89,-99.99
190905,-2.92,-99.99
190906,-0.56,-99.99
190907,-1.78,-99.99
190908,-0.15,-99.99
190909,-1.59,-99.99
190910,-1.68,-99.99
190911,2.05,-99.99
190912,-8.73,-99.99
191001,-2.74,-99.99
191002,-6.35,-99.99
191003,5.87,-99.99
191004,1.77,-99.99
191005,-1.84,-99.99
191006,-1.21,-99.99
191007,-0.29,-99.99
191008,-1.97,-99.99
191009,-0.31,-99.99
191010,1.06,-99.99
191011,-1.85,-99.99
191012,-2.41,-99.99
191101,0.55,-99.99
191102,-1.99,-99.99
191103,0.45,-99.99
191104,-1.85,-99.99
191105,0.15,-99.99
191106,1.25,-99.99
191107,-1.73,-99.99
191108,-2.18,-99.99
191109,0.10,-99.99
191110,-1.90,-99.99
191111,-5.71,-99.99
191112,-2.14,-99.99
191201,-7.59,-99.99
191202,-4.57,-99.99
191203,-7.81,-99.99
191204,-1.27,-99.99
191205,-0.58,-99.99
191206,-2.80,-99.99
191207,-2.16,-99.99
191208,-2.96,-99.99
191209,-3.26,-99.99
191210,-1.39,-99.99
191211,-0.77,-99.99
191212,-1.39,-99.99
191301,-1.88,-99.99
191302,-6.15,-99.99
191303,-4.86,-99.99
191304,-0.46,-99.99
191305,-0.93,-99.99
191306,-1.28,-99.99
191307,-1.41,-99.99
191308,0.28,-99.99
191309,-2.35,-99.99
191310,-2.92,-99.99
191311,2.14,-99.99
191312,-1.01,-99.99
191401,2.15,-99.99
191402,-6.13,-99.99
191403,-2.82,-99.99
191404,-0.81,-99.99
191405,0.08,-99.99
191406,-0.15,-99.99
191407,-0.33,-99.99
191408,-1.39,-99.99
191409,-1.41,-99.99
191410,0.68,-99.99
191411,0.43,-99.99
191412,-7.56,-99.99
191501,-3.91,-99.99
191502,0.29,-99.99
191503,-6.62,-99.99
191504,2.72,-99.99
191505,-2.89,-99.99
191506,-3.43,-99.99
191507,-3.40,-99.99
191508,-2.92,-99.99
191509,-1.57,-99.99
191510,0.79,-99.99
191511,0.13,-99.99
191512,-1.17,-99.99
191601,-4.13,-99.99
191602,-2.62,-99.99
191603,-1.42,-99.99
191604,-1.60,-99.99
191605,-1.75,-99.99
191606,-3.19,-99.99
191607,-0.13,-99.99
191608,-1.26,-99.99
191609,-2.49,-99.99
191610,-2.42,-99.99
191611,-2.75,-99.99
191612,-5.40,-99.99
191701,-4.08,-99.99
191702,-5.56,-99.99
191703,-5.22,-99.99
191704,-3.22,-99.99
191705,-5.93,-99.99
191706,-2.53,-99.99
191707,0.20,-99.99
191708,-2.06,-99.99
191709,-1.90,-99.99
191710,-4.15,-99.99
191711,0.56,-99.99
191712,-4.70,-99.99
191801,-8.49,-99.99
191802,-1.83,-99.99
191803,2.18,-99.99
191804,-2.82,-99.99
191805,-0.26,-99.99
191806,1.65,-99.99
191807,-1.96,-99.99
191808,-0.58,-99.99
191809,-4.07,-99.99
191810,1.61,-99.99
191811,-2.47,-99.99
191812,0.11,-99.99
191901,-0.53,-99.99
191902,-3.40,-99.99
191903,-2.68,-99.99
191904,-0.50,-99.99
191905,-1.03,-99.99
191906,-0.20,-99.99
191907,-0.06,-99.99
191908,-0.81,-99.99
191909,-0.35,-99.99
191910,-1.97,-99.99
191911,-3.67,-99.99
191912,-5.56,-99.99
192001,-3.12,-99.99
192002,-1.96,-99.99
192003,-3.29,-99.99
192004,-5.07,-99.99
192005,-1.75,-99.99
192006,-2.13,-99.99
192007,-1.71,-99.99
192008,-2.45,-99.99
192009,-0.55,-99.99
192010,0.07,-99.99
192011,-3.28,-99.99
192012,-1.21,-99.99
192101,2.01,-99.99
192102,1.25,-99.99
192103,3.06,-99.99
192104,-0.84,-99.99
192105,-0.96,-99.99
192106,0.86,-99.99
192107,0.25,-99.99
192108,-1.05,-99.99
192109,0.55,-99.99
192110,0.79,-99.99
192111,-0.40,-99.99
192112,0.74,-99.99
192201,-5.55,-99.99
192202,-3.70,-99.99
192203,-3.15,-99.99
192204,-1.54,-99.99
192205,0.12,-99.99
192206,0.64,-99.99
192207,-1.41,-99.99
192208,-0.27,-99.99
192209,1.29,-99.99
192210,0.46,-99.99
192211,-1.12,-99.99
192212,-0.79,-99.99
192301,2.24,-99.99
192302,-6.08,-99.99
192303,-5.27,-99.99
192304,-1.94,-99.99
192305,-1.54,-99.99
192306,-1.46,-99.99
192307,-0.65,-99.99
192308,-1.97,-99.99
192309,-0.92,-99.99
192310,-3.32,-99.99
192311,-0.40,-99.99
192312,1.64,-99.99
192401,-6.09,-99.99
192402,-0.46,-99.99
192403,-6.39,-99.99
192404,-1.58,-99.99
192405,-3.16,-99.99
192406,-0.91,-99.99
192407,-2.52,-99.99
192408,-1.01,-99.99
192409,-3.25,-99.99
192410,0.41,-99.99
192411,-0.58,-99.99
192412,-6.75,-99.99
192501,-3.27,-99.99
192502,2.65,-99.99
192503,0.67,-99.99
192504,2.87,-99.99
192505,-1.05,-99.99
192506,0.34,-99.99
192507,-0.27,-99.99
192508,-1.68,-99.99
192509,0.68,-99.99
192510,-5.64,-99.99
192511,-2.57,-99.99
192512,-1.84,-99.99
192601,-2.04,-99.99
192602,2.02,-99.99
192603,-3.92,-99.99
192604,-1.81,-99.99
192605,-0.04,-99.99
192606,-1.30,-99.99
192607,-1.05,-99.99
192608,-0.74,-99.99
192609,-1.88,-99.99
192610,0.39,-99.99
192611,-2.52,-99.99
192612,-3.01,-99.99
192701,-0.80,-99.99
192702,2.25,-99.99
192703,-1.31,-99.99
192704,-0.27,-99.99
192705,-1.30,-99.99
192706,-2.29,-99.99
192707,-1.73,-99.99
192708,-3.71,-99.99
192709,-1.01,-99.99
192710,1.34,-99.99
192711,1.37,-99.99
192712,-6.12,-99.99
192801,-0.37,-99.99
192802,-1.31,-99.99
192803,-0.45,-99.99
192804,-3.79,-99.99
192805,0.46,-99.99
192806,-3.59,-99.99
192807,-1.01,-99.99
192808,-1.26,-99.99
192809,-2.72,-99.99
192810,0.52,-99.99
192811,-1.40,-99.99
192812,-1.40,-99.99
192901,-6.04,-99.99
192902,-8.73,-99.99
192903,-0.01,-99.99
192904,-0.68,-99.99
192905,-2.20,-99.99
192906,-2.00,-99.99
192907,-0.81,-99.99
192908,-0.45,-99.99
192909,-2.58,-99.99
192910,-0.64,-99.99
192911,-4.57,-99.99
192912,-0.38,-99.99
193001,-8.81,-99.99
193002,4.45,-99.99
193003,-3.16,-99.99
193004,2.56,-99.99
193005,-1.83,-99.99
193006,-1.09,-99.99
193007,0.63,-99.99
193008,-0.18,-99.99
193009,-0.24,-99.99
193010,-2.87,-99.99
193011,-1.89,-99.99
193012,-3.17,-99.99
193101,0.64,-99.99
193102,2.29,-99.99
193103,-4.15,-99.99
193104,-0.79,-99.99
193105,-1.63,-99.99
193106,1.20,-99.99
193107,1.40,-99.99
193108,-1.12,-99.99
193109,2.14,-99.99
193110,2.01,-99.99
193111,0.40,-99.99
193112,0.72,-99.99
193201,-0.80,-99.99
193202,1.05,-99.99
193203,-6.21,-99.99
193204,-0.25,-99.99
193205,-0.55,-99.99
193206,-0.26,-99.99
193207,-0.31,-99.99
193208,-0.51,-99.99
193209,-1.30,-99.99
193210,-2.24,-99.99
193211,-2.23,-99.99
193212,-4.93,-99.99
193301,1.95,-99.99
193302,-6.06,-99.99
193303,-1.74,-99.99
193304,-2.01,-99.99
193305,-1.23,-99.99
193306,2.06,-99.99
193307,0.72,-99.99
193308,-1.16,-99.99
193309,1.74,-99.99
193310,0.64,-99.99
193311,-0.45,-99.99
193312,2.09,-99.99
193401,2.73,-99.99
193402,-1.33,-99.99
193403,-0.79,-99.99
193404,1.89,-99.99
193405,3.65,-99.99
193406,1.18,-99.99
193407,1.96,-99.99
193408,0.45,-99.99
193409,-2.15,-99.99
193410,1.96,-99.99
193411,2.03,-99.99
193412,-1.67,-99.99
193501,-0.84,-99.99
193502,0.36,-99.99
193503,0.04,-99.99
193504,-2.14,-99.99
193505,-3.73,-99.99
193506,-1.86,-99.99
193507,0.72,-99.99
193508,-0.09,-99.99
193509,-1.19,-99.99
193510,-0.76,-99.99
193511,-3.49,-99.99
193512,-3.60,-99.99
193601,-4.99,-99.99
193602,-10.42,-99.99
193603,-0.14,-99.99
193604,-1.63,-99.99
193605,2.40,-99.99
193606,1.11,-99.99
193607,2.39,-99.99
193608,1.51,-99.99
193609,0.37,-99.99
193610,-1.07,-99.99
193611,-3.17,-99.99
193612,0.13,-99.99
193701,-7.51,-99.99
193702,-3.92,-99.99
193703,-4.73,-99.99
193704,-1.74,-99.99
193705,0.87,-99.99
193706,-0.71,-99.99
193707,0.18,-99.99
193708,1.58,-99.99
193709,-0.29,-99.99
193710,-0.67,-99.99
193711,-2.16,-99.99
193712,-1.64,-99.99
193801,-0.21,-99.99
193802,0.35,-99.99
193803,1.44,-99.99
193804,-0.12,-99.99
193805,-1.21,-99.99
193806,-0.73,-99.99
193807,-0.63,-99.99
193808,0.64,-99.99
193809,0.64,-99.99
193810,1.85,-99.99
193811,-3.04,-99.99
193812,-0.13,-99.99
193901,1.56,-99.99
193902,-5.67,-99.99
193903,-1.06,-99.99
193904,-0.32,-99.99
193905,1.65,-99.99
193906,-0.64,-99.99
193907,0.47,-99.99
193908,-0.44,-99.99
193909,1.38,-99.99
193910,0.16,-99.99
193911,-0.68,-99.99
193912,3.38,-99.99
194001,-8.52,-99.99
194002,-1.80,-99.99
194003,-2.05,-99.99
194004,-1.62,-99.99
194005,-0.21,-99.99
194006,0.10,-99.99
194007,-0.27,-99.99
194008,-0.94,-99.99
194009,-0.64,-99.99
194010,1.52,-99.99
194011,-3.98,-99.99
194012,1.71,-99.99
194101,-0.15,-99.99
194102,-2.12,-99.99
194103,-4.37,-99.99
194104,0.17,-99.99
194105,1.27,-99.99
194106,-1.70,-99.99
194107,-0.43,-99.99
194108,-1.01,-99.99
194109,-1.46,-99.99
194110,0.64,-99.99
194111,-0.07,-99.99
194112,1.78,-99.99
194201,-2.51,-99.99
194202,-4.91,-99.99
194203,-2.26,-99.99
194204,1.21,-99.99
194205,-1.97,-99.99
194206,-1.59,-99.99
194207,-0.45,-99.99
194208,-1.30,-99.99
194209,-2.33,-99.99
194210,0.01,-99.99
194211,0.18,-99.99
194212,-1.37,-99.99
194301,-2.94,-99.99
194302,0.63,-99.99
194303,-5.07,-99.99
194304,1.03,-99.99
194305,-1.34,-99.99
194306,-0.73,-99.99
194307,-0.15,-99.99
194308,0.37,-99.99
194309,-1.66,-99.99
194310,-0.87,-99.99
194311,-2.07,-99.99
194312,-1.75,-99.99
194401,-0.33,-99.99
194402,-1.15,-99.99
194403,-5.07,-99.99
194404,-2.88,-99.99
194405,0.96,-99.99
194406,-1.14,-99.99
194407,-1.62,-99.99
194408,-0.98,-99.99
194409,-0.73,-99.99
194410,0.71,-99.99
194411,-1.48,-99.99
194412,-3.67,-99.99
194501,-1.86,-99.99
194502,-0.37,-99.99
194503,1.97,-99.99
194504,-1.63,-99.99
194505,-2.78,-99.99
194506,-3.62,-99.99
194507,-1.48,-99.99
194508,-0.92,-99.99
194509,-1.00,-99.99
194510,-0.42,-99.99
194511,-0.97,-99.99
194512,-5.26,-99.99
194601,-0.96,-99.99
194602,-0.77,-99.99
194603,3.21,-99.99
194604,2.76,-99.99
194605,-2.31,-99.99
194606,-1.18,-99.99
194607,-0.56,-99.99
194608,-1.91,-99.99
194609,-1.45,-99.99
194610,-1.41,-99.99
194611,-1.24,-99.99
194612,1.84,-99.99
194701,-0.57,-99.99
194702,-4.24,-99.99
194703,-4.82,-99.99
194704,-0.90,-99.99
194705,-0.93,-99.99
194706,-2.78,-99.99
194707,-1.60,-99.99
194708,1.00,-99.99
194709,0.55,-99.99
194710,4.24,-99.99
194711,-4.88,-99.99
194712,-1.42,-99.99
194801,-4.47,-99.99
194802,-4.03,-99.99
194803,-4.86,-99.99
194804,1.50,-99.99
194805,-0.82,-99.99
194806,-0.74,-99.99
194807,-1.15,-99.99
194808,-1.03,-99.99
194809,0.08,-99.99
194810,-1.37,-99.99
194811,-1.39,-99.99
194812,-1.76,-99.99
194901,-6.43,-99.99
194902,-3.74,-99.99
194903,-2.80,-99.99
194904,0.22,-99.99
194905,0.66,-99.99
194906,-0.26,-99.99
194907,-0.20,-99.99
194908,-0.98,-99.99
194909,-2.26,-99.99
194910,-0.51,-99.99
194911,2.29,-99.99
194912,-1.08,-99.99
195001,-1.92,-99.99
195002,-0.10,-99.99
195003,-4.73,-99.99
195004,-3.20,-99.99
195005,-1.61,-99.99
195006,-1.57,-99.99
195007,-3.19,-99.99
195008,-3.06,-99.99
195009,-2.49,-99.99
195010,2.91,-99.99
195011,-2.34,-99.99
195012,-1.33,-99.99
195101,-2.15,-99.99
195102,-1.11,-99.99
195103,-5.02,-99.99
195104,-2.12,-99.99
195105,-0.30,-99.99
195106,-2.85,-99.99
195107,-0.72,-99.99
195108,-1.19,-99.99
195109,-1.90,-99.99
195110,-0.56,-99.99
195111,-4.90,-99.99
195112,-3.11,-99.99
195201,-0.35,-99.99
195202,-0.19,-99.99
195203,-5.88,-99.99
195204,-0.19,-99.99
195205,-0.48,-99.99
195206,1.25,-99.99
195207,-0.31,-99.99
195208,-0.26,-99.99
195209,-0.10,-99.99
195210,-1.61,-99.99
195211,-3.06,-99.99
195212,-0.90,-99.99
195301,4.08,-99.99
195302,0.22,-99.99
195303,0.18,-99.99
195304,-3.09,-99.99
195305,-1.88,-99.99
195306,0.68,-99.99
195307,-0.24,-99.99
195308,-0.98,-99.99
195309,0.17,-99.99
195310,1.65,-99.99
195311,0.90,-99.99
195312,-0.65,-99.99
195401,-1.45,-99.99
195402,5.76,-99.99
195403,-4.32,-99.99
195404,2.33,-99.99
195405,-2.47,-99.99
195406,-0.65,-99.99
195407,1.06,-99.99
195408,-0.90,-99.99
195409,0.46,-99.99
195410,0.12,-99.99
195411,1.08,-99.99
195412,-0.43,-99.99
195501,-3.00,-99.99
195502,-4.60,-99.99
195503,-3.51,-99.99
195504,1.01,-99.99
195505,0.23,-99.99
195506,-2.96,-99.99
195507,0.03,-99.99
195508,0.79,-99.99
195509,-0.11,-99.99
195510,0.48,-99.99
195511,-4.75,-99.99
195512,-2.63,-99.99
195601,-1.34,-99.99
195602,-3.38,-99.99
195603,-2.82,-99.99
195604,-2.48,-99.99
195605,0.71,-99.99
195606,0.86,-99.99
195607,-1.35,-99.99
195608,-1.39,-99.99
195609,-0.89,-99.99
195610,1.60,-99.99
195611,-2.66,-99.99
195612,1.89,-99.99
195701,-5.28,-99.99
195702,2.42,-99.99
195703,-2.30,-99.99
195704,-1.15,-99.99
195705,-1.41,-99.99
195706,-0.80,-99.99
195707,-0.13,-99.99
195708,-1.43,-99.99
195709,-1.81,-99.99
195710,-2.89,-99.99
195711,-2.72,-99.99
195712,2.66,-99.99
195801,-0.75,-99.99
195802,-3.67,-99.99
195803,-5.90,-99.99
195804,-1.58,-99.99
195805,1.36,-99.99
195806,-1.57,-99.99
195807,-1.78,-99.99
195808,0.21,-99.99
195809,-0.56,-99.99
195810,0.17,-99.99
195811,0.04,-99.99
195812,-2.12,-99.99
195901,-2.85,-99.99
195902,-3.16,-99.99
195903,-2.12,-99.99
195904,-0.25,-99.99
195905,-0.22,-99.99
195906,0.46,-99.99
195907,-0.83,-99.99
195908,0.09,-99.99
195909,-1.25,-99.99
195910,-1.23,-99.99
195911,-4.32,-99.99
195912,1.60,-99.99
196001,-2.89,-99.99
196002,-5.13,-99.99
196003,-7.66,-99.99
196004,0.74,-99.99
196005,-1.75,-99.99
196006,-0.42,-99.99
196007,-0.52,-99.99
196008,-0.87,-99.99
196009,0.46,-99.99
196010,0.21,-99.99
196011,-0.25,-99.99
196012,-3.94,-99.99
196101,-2.64,-99.99
196102,1.77,-99.99
196103,-0.10,-99.99
196104,-3.18,-99.99
196105,-2.19,-99.99
196106,-0.01,-99.99
196107,-1.17,-99.99
196108,-0.38,-99.99
196109,-2.58,-99.99
196110,-0.71,-99.99
196111,-2.48,-99.99
196112,-3.26,-99.99
196201,-5.39,-99.99
196202,-0.73,-99.99
196203,-5.67,-99.99
196204,-0.01,-99.99
196205,1.18,-99.99
196206,-1.59,-99.99
196207,-2.34,-99.99
196208,-0.96,-99.99
196209,-1.81,-99.99
196210,1.56,-99.99
196211,0.20,-99.99
196212,-0.94,-99.99
196301,-7.91,-99.99
196302,-1.53,-99.99
196303,0.15,-99.99
196304,0.04,-99.99
196305,-0.04,-99.99
196306,-0.83,-99.99
196307,-0.81,-99.99
196308,-1.10,-99.99
196309,0.35,-99.99
196310,4.80,-99.99
196311,1.06,-99.99
196312,-6.44,-99.99
196401,-0.82,-99.99
196402,-3.88,-99.99
196403,-4.75,-99.99
196404,-0.55,-99.99
196405,0.37,-99.99
196406,-1.50,-99.99
196407,0.25,-99.99
196408,-2.36,-99.99
196409,-2.29,-99.99
196410,-0.78,-99.99
196411,-0.65,-99.99
196412,-2.30,-99.99
196501,-0.55,-99.99
196502,-3.13,-99.99
196503,-8.13,-99.99
196504,0.04,-99.99
196505,-0.26,-99.99
196506,-2.65,-99.99
196507,-1.80,-99.99
196508,-2.02,-99.99
196509,-4.22,-99.99
196510,0.43,-99.99
196511,1.67,-99.99
196512,1.51,-99.99
196601,-5.97,-99.99
196602,-4.41,-99.99
196603,-0.57,-99.99
196604,-1.89,-99.99
196605,-0.87,-99.99
196606,-1.57,-99.99
196607,0.66,-99.99
196608,-2.22,-99.99
196609,-1.45,-99.99
196610,-1.73,-99.99
196611,0.23,-99.99
196612,-1.66,-99.99
196701,0.75,-99.99
196702,-2.77,-99.99
196703,0.06,-99.99
196704,-0.84,-99.99
196705,-3.43,-99.99
196706,-1.95,-99.99
196707,-1.89,-99.99
196708,-1.86,-99.99
196709,-1.93,-99.99
196710,-0.64,-99.99
196711,-1.44,-99.99
196712,-2.27,-99.99
196801,-3.41,-99.99
196802,-2.73,-99.99
196803,-0.01,-99.99
196804,-1.27,-99.99
196805,-2.89,-99.99
196806,-1.00,-99.99
196807,-1.55,-99.99
196808,-2.49,-99.99
196809,-2.09,-99.99
196810,0.08,-99.99
196811,-1.84,-99.99
196812,-4.30,-99.99
196901,-2.98,-99.99
196902,-2.84,-99.99
196903,-7.54,-99.99
196904,0.78,-99.99
196905,0.35,-99.99
196906,-2.67,-99.99
196907,-0.31,-99.99
196908,0.14,-99.99
196909,-0.44,-99.99
196910,-3.53,-99.99
196911,-1.39,-99.99
196912,-0.88,-99.99
197001,-5.21,-99.99
197002,-0.30,-99.99
197003,-5.07,-99.99
197004,-2.41,-99.99
197005,0.01,-99.99
197006,-0.76,-99.99
197007,-0.45,-99.99
197008,0.30,-99.99
197009,-1.41,-99.99
197010,-2.29,-99.99
197011,-1.67,-99.99
197012,-0.76,-99.99
197101,-2.94,-99.99
197102,-2.17,-99.99
197103,-3.92,-99.99
197104,-1.58,-99.99
197105,-2.80,-99.99
197106,-0.06,-99.99
197107,-2.05,-99.99
197108,-1.07,-99.99
197109,-1.66,-99.99
197110,0.52,-99.99
197111,-1.37,-99.99
197112,-0.36,-99.99
197201,-2.42,-99.99
197202,-2.10,-99.99
197203,0.47,-99.99
197204,-1.04,-99.99
197205,-0.53,-99.99
197206,-1.28,-99.99
197207,-2.23,-99.99
197208,-1.41,-99.99
197209,-1.55,-99.99
197210,-2.27,-99.99
197211,-4.05,-99.99
197212,-4.48,-99.99
197301,-2.76,-99.99
197302,-2.07,-99.99
197303,0.72,-99.99
197304,-3.02,-99.99
197305,-1.83,-99.99
197306,-0.55,-99.99
197307,-1.15,-99.99
197308,-0.47,-99.99
197309,-1.59,-99.99
197310,1.51,-99.99
197311,-0.05,-99.99
197312,-0.63,-99.99
197401,-1.34,-99.99
197402,-0.91,-99.99
197403,0.81,-99.99
197404,-0.30,-99.99
197405,-0.69,-99.99
197406,-1.01,-99.99
197407,-0.33,-99.99
197408,-2.78,-99.99
197409,-3.68,-99.99
197410,-0.67,-99.99
197411,-0.59,-99.99
197412,-0.68,-99.99
197501,-0.01,-99.99
197502,-2.89,-99.99
197503,-4.87,-99.99
197504,-5.00,-99.99
197505,-0.71,-99.99
197506,-1.99,-99.99
197507,-0.85,-99.99
197508,-1.55,-99.99
197509,-3.10,-99.99
197510,0.07,-99.99
197511,-0.38,-99.99
197512,-0.05,-99.99
197601,-2.42,-99.99
197602,3.91,-99.99
197603,-1.26,-99.99
197604,0.00,-99.99
197605,-2.02,-99.99
197606,-1.70,-99.99
197607,-1.51,-99.99
197608,-2.42,-99.99
197609,-1.81,-99.99
197610,-4.56,-99.99
197611,-4.50,-99.99
197612,-3.42,-99.99
197701,-9.26,-99.99
197702,0.38,-99.99
197703,-0.39,-99.99
197704,2.22,-99.99
197705,0.60,-99.99
197706,0.84,-99.99
197707,0.02,-99.99
197708,-1.30,-99.99
197709,-0.06,-99.99
197710,-0.58,-99.99
197711,-0.11,-99.99
197712,-1.06,-99.99
197801,-6.49,-99.99
197802,-7.66,-99.99
197803,-2.26,-99.99
197804,-0.27,-99.99
197805,-1.32,-99.99
197806,-0.56,-99.99
197807,-0.61,-99.99
197808,-1.28,-99.99
197809,-0.15,-99.99
197810,-0.15,-99.99
197811,-1.51,-99.99
197812,-4.54,-99.99
197901,-10.45,-99.99
197902,-7.52,-99.99
197903,-1.51,-99.99
197904,-1.71,-99.99
197905,-1.93,-99.99
197906,-1.68,-99.99
197907,-1.28,-99.99
197908,-2.11,-99.99
197909,0.10,-99.99
197910,0.70,-99.99
197911,-3.04,-99.99
197912,1.69,-99.99
198001,-1.23,-99.99
198002,-2.80,-99.99
198003,-4.21,-99.99
198004,-0.41,-99.99
198005,-0.78,-99.99
198006,-0.76,-99.99
198007,1.35,-99.99
198008,-0.29,-99.99
198009,0.25,-99.99
198010,-1.97,-99.99
198011,-0.67,-99.99
198012,0.85,-99.99
198101,0.06,-99.99
198102,0.94,-99.99
198103,-0.72,-99.99
198104,3.28,-99.99
198105,-2.10,-99.99
198106,0.32,-99.99
198107,-0.45,-99.99
198108,-0.98,-99.99
198109,-1.07,-99.99
198110,-2.24,-99.99
198111,1.76,-99.99
198112,-0.68,-99.99
198201,-6.13,-99.99
198202,-3.06,-99.99
198203,-1.54,-99.99
198204,-3.22,-99.99
198205,-0.26,-99.99
198206,-3.17,-99.99
198207,-1.21,-99.99
198208,-0.99,-99.99
198209,-1.95,-99.99
198210,-1.30,-99.99
198211,-1.85,-99.99
198212,1.48,-99.99
198301,0.77,-99.99
198302,1.21,-99.99
198303,-1.17,-99.99
198304,-4.84,-99.99
198305,-3.12,-99.99
198306,-2.40,-99.99
198307,-0.42,-99.99
198308,1.98,-99.99
198309,-0.40,-99.99
198310,0.44,-99.99
198311,0.05,-99.99
198312,-8.87,-99.99
198401,-3.52,-99.99
198402,1.73,-99.99
198403,-3.49,-99.99
198404,-2.25,-99.99
198405,-0.98,-99.99
198406,-0.89,-99.99
198407,-1.24,-99.99
198408,0.05,-99.99
198409,-2.85,-99.99
198410,-0.96,-99.99
198411,-1.44,-99.99
198412,0.20,-99.99
198501,-6.04,-99.99
198502,-4.78,-99.99
198503,-0.09,-99.99
198504,2.51,-99.99
198505,1.02,-99.99
198506,-1.39,-99.99
198507,-0.36,-99.99
198508,-2.06,-99.99
198509,-3.26,-99.99
198510,-0.26,-99.99
198511,-3.47,-99.99
198512,-5.53,-99.99
198601,2.33,-99.99
198602,0.20,-99.99
198603,2.61,-99.99
198604,1.01,-99.99
198605,0.03,-99.99
198606,0.91,-99.99
198607,-0.90,-99.99
198608,-1.35,-99.99
198609,-2.29,-99.99
198610,-0.55,-99.99
198611,-1.58,-99.99
198612,0.09,-99.99
198701,-0.91,-99.99
198702,1.73,-99.99
198703,-1.00,-99.99
198704,1.68,-99.99
198705,1.90,-99.99
198706,0.75,-99.99
198707,-1.14,-99.99
198708,-1.21,-99.99
198709,-0.74,-99.99
198710,-1.61,-99.99
198711,0.99,-99.99
198712,0.20,-99.99
198801,-4.56,-99.99
198802,-1.96,-99.99
198803,-1.17,-99.99
198804,-0.03,-99.99
198805,0.15,-99.99
198806,1.38,-99.99
198807,0.38,-99.99
198808,0.59,-99.99
198809,-1.39,-99.99
198810,-0.60,-99.99
198811,0.31,-99.99
198812,-0.88,-99.99
198901,1.74,-99.99
198902,-6.48,-99.99
198903,-0.90,-99.99
198904,1.03,-99.99
198905,-0.60,-99.99
198906,-1.37,-99.99
198907,-0.18,-99.99
198908,-1.77,-99.99
198909,-1.91,-99.99
198910,-0.22,-99.99
198911,-0.05,-99.99
198912,-6.61,-99.99
199001,4.15,-99.99
199002,1.05,-99.99
199003,1.17,-99.99
199004,0.67,-99.99
199005,-2.20,-99.99
199006,0.73,-99.99
199007,-1.15,-99.99
199008,-0.80,-99.99
199009,1.36,-99.99
199010,-0.58,-99.99
199011,1.94,-99.99
199012,-3.51,-99.99
199101,-2.87,-99.99
199102,4.16,-99.99
199103,-0.25,-99.99
199104,0.69,-99.99
199105,0.91,-99.99
199106,-0.42,-99.99
199107,-0.52,-99.99
199108,-0.09,-99.99
199109,-1.09,-99.99
199110,0.19,-99.99
199111,-3.55,-99.99
199112,1.40,-99.99
199201,1.27,-99.99
199202,4.05,-99.99
199203,1.14,-99.99
199204,0.69,-99.99
199205,0.10,-99.99
199206,-2.06,-99.99
199207,-3.19,-99.99
199208,-3.24,-99.99
199209,-1.32,-99.99
199210,-0.02,-99.99
199211,-2.92,-99.99
199212,-2.59,-99.99
199301,-1.88,-99.99
199302,-4.51,-99.99
199303,-1.78,-99.99
199304,-1.94,-99.99
199305,-0.17,-99.99
199306,-2.29,-99.99
199307,-2.25,-99.99
199308,-1.19,-99.99
199309,-2.69,-99.99
199310,-1.59,-99.99
199311,-3.76,-99.99
199312,-0.14,-99.99
199401,-3.01,-99.99
199402,-3.78,-99.99
199403,0.94,-99.99
199404,0.81,-99.99
199405,-0.39,-99.99
199406,1.45,-99.99
199407,-0.79,-99.99
199408,-0.87,-99.99
199409,-0.44,-99.99
199410,-0.35,-99.99
199411,-0.41,-99.99
199412,1.89,-99.99
199501,0.73,-99.99
199502,1.71,-99.99
199503,-0.23,-99.99
199504,-2.44,-99.99
199505,-2.42,-99.99
199506,-1.95,-99.99
199507,-0.87,-99.99
199508,1.24,-99.99
199509,-1.30,-99.99
199510,-0.11,-99.99
199511,-0.94,-99.99
199512,-0.92,-99.99
199601,-2.65,-99.99
199602,0.04,-99.99
199603,-4.55,-99.99
199604,-1.20,-99.99
199605,-0.08,-99.99
199606,0.37,-99.99
199607,-0.78,-99.99
199608,-0.65,-99.99
199609,-2.53,-99.99
199610,-0.91,-99.99
199611,-3.35,-99.99
199612,-0.43,-99.99
199701,-2.40,-99.99
199702,0.40,-99.99
199703,1.10,-99.99
199704,-3.94,-99.99
199705,-1.66,-99.99
199706,-1.19,-99.99
199707,-1.23,-99.99
199708,-1.34,-99.99
199709,0.43,-99.99
199710,-0.64,-99.99
199711,-2.11,-99.99
199712,-0.34,-99.99
199801,2.64,-99.99
199802,3.06,-99.99
199803,-2.23,-99.99
199804,-0.79,-99.99
199805,1.41,-99.99
199806,-1.37,-99.99
199807,1.08,-99.99
199808,0.95,-99.99
199809,3.00,-99.99
199810,0.57,-99.99
199811,1.93,-99.99
199812,1.21,-99.99
199901,1.43,-99.99
199902,3.84,-99.99
199903,-0.77,-99.99
199904,-0.30,-99.99
199905,-1.00,-99.99
199906,-1.19,-99.99
199907,-0.11,-99.99
199908,-0.17,-99.99
199909,-1.64,-99.99
199910,0.19,-99.99
199911,5.13,-99.99
199912,1.76,-99.99
200001,1.22,-99.99
200002,4.13,-99.99
200003,2.47,-99.99
200004,0.74,-99.99
200005,2.08,-99.99
200006,-0.47,-99.99
200007,-0.54,-99.99
200008,0.97,-99.99
200009,-0.42,-99.99
200010,0.53,-99.99
200011,-4.95,-99.99
200012,-5.90,-99.99
200101,-1.00,-99.99
200102,-1.67,-99.99
200103,-2.08,-99.99
200104,1.23,-99.99
200105,1.76,-99.99
200106,-0.26,-99.99
200107,0.07,-99.99
200108,1.22,-99.99
200109,-0.29,-99.99
200110,-0.19,-99.99
200111,4.43,-99.99
200112,1.78,-99.99
200201,2.13,-99.99
200202,0.74,-99.99
200203,-4.03,-99.99
200204,1.64,-99.99
200205,-1.77,-99.99
200206,1.36,-99.99
200207,1.44,-99.99
200208,-0.22,-99.99
200209,0.86,-99.99
200210,-2.72,-99.99
200211,-1.01,-99.99
200212,0.74,-99.99
200301,0.46,-99.99
200302,-2.86,-99.99
200303,-0.27,-99.99
200304,0.04,-99.99
200305,-0.08,-99.99
200306,-1.45,-99.99
200307,1.06,-99.99
200308,1.58,-99.99
200309,-1.03,-99.99
200310,1.99,-99.99
200311,-0.63,-99.99
200312,0.95,-99.99
200401,-2.01,-99.99
200402,-2.08,-99.99
200403,3.84,-99.99
200404,0.83,-99.99
200405,0.86,-99.99
200406,-1.41,-99.99
200407,-1.51,-99.99
200408,-2.92,-99.99
200409,-0.33,-99.99
200410,0.80,-99.99
200411,1.01,-99.99
200412,0.72,-99.99
200501,1.04,1.06
200502,2.29,2.14
200503,-1.26,-1.42
200504,0.42,0.23
200505,-1.50,-1.55
200506,-0.29,-0.27
200507,0.90,0.85
200508,0.12,0.04
200509,1.38,1.24
200510,0.82,0.68
200511,2.03,1.76
200512,-1.64,-1.66
200601,6.58,6.57
200602,-0.82,-0.97
200603,-0.95,-1.35
200604,3.41,3.13
200605,1.22,1.12
200606,1.25,1.10
200607,2.00,1.89
200608,0.32,0.05
200609,-2.69,-2.74
200610,-1.97,-2.18
200611,1.10,1.13
200612,2.23,2.07
200701,-1.00,-1.17
200702,-3.24,-3.01
200703,4.09,4.03
200704,-1.31,-1.30
200705,1.27,0.97
200706,0.37,0.25
200707,0.29,0.29
200708,1.56,1.48
200709,0.44,0.41
200710,2.12,1.85
200711,1.03,0.81
200712,-1.12,-1.30
200801,-2.08,-2.34
200802,-0.95,-1.01
200803,-1.71,-1.91
200804,-1.45,-1.64
200805,-1.70,-1.62
200806,0.10,-0.02
200807,-0.33,-0.41
200808,-0.80,-0.85
200809,-0.78,-0.99
200810,-0.58,-0.67
200811,0.94,0.68
200812,-2.47,-2.23
200901,-1.30,-1.26
200902,1.12,0.72
200903,-0.70,-0.79
200904,-0.93,-0.99
200905,0.59,0.54
200906,-0.96,-1.10
200907,-1.78,-2.00
200908,-1.19,-1.33
200909,0.39,0.34
200910,-4.06,-3.98
200911,2.86,2.68
200912,-4.70,-4.90
201001,-1.68,-1.94
201002,-3.85,-4.09
201003,0.00,-0.13
201004,1.39,1.12
201005,-1.18,-1.22
201006,0.98,0.88
201007,0.30,0.23
201008,0.97,0.88
201009,0.50,0.67
201010,1.58,1.46
201011,-0.67,-0.74
201012,-1.87,-1.94
201101,-2.64,-2.97
201102,-2.61,-2.57
201103,-0.50,-0.54
201104,0.11,0.23
201105,-1.93,-1.84
201106,0.32,0.29
201107,1.73,1.62
201108,1.92,1.84
201109,0.10,-0.04
201110,0.53,0.43
201111,0.77,0.72
201112,1.06,0.90
201201,3.77,3.83
201202,1.86,1.85
201203,6.84,6.93
201204,2.83,2.77
201205,2.39,2.23
201206,1.04,1.24
201207,2.36,2.36
201208,0.72,0.83
201209,0.32,0.22
201210,-0.67,-0.76
201211,1.03,1.01
201212,1.58,1.40
201301,-0.10,-0.05
201302,-0.88,-1.08
201303,-2.66,-2.84
201304,-2.17,-2.14
201305,-0.21,-0.20
201306,0.89,0.97
201307,-0.20,-0.27
201308,-0.09,0.07
201309,0.97,0.92
201310,-1.12,-1.42
201311,-1.37,-1.48
201312,-3.28,-3.17
201401,-1.79,-1.80
201402,-3.52,-3.46
201403,-3.06,-2.72
201404,-0.16,-0.16
201405,0.21,0.45
201406,0.08,0.16
201407,-1.12,-1.06
201408,-0.83,-0.72
201409,0.21,0.20
201410,2.37,2.23
201411,-3.73,-3.62
201412,2.47,2.38
201501,0.73,0.81
201502,-2.66,-2.65
201503,1.82,2.23
201504,1.39,1.40
201505,-0.22,-0.22
201506,1.87,1.85
201507,-0.49,-0.36
201508,-0.13,0.07
201509,2.55,2.59
201510,2.68,2.72
201511,1.62,1.57
201512,4.32,4.39
201601,-0.13,-0.04
201602,3.82,3.85
201603,3.93,3.98
201604,1.34,1.26
201605,-0.73,-0.65
201606,2.26,2.21
201607,0.81,1.06
201608,0.45,0.58
201609,1.13,1.30
201610,3.16,3.44
201611,4.99,4.88
201612,-1.39,-1.42
201701,1.22,0.97
201702,5.53,5.72
201703,2.58,2.74
201704,1.95,2.07
201705,-0.49,-0.40
201706,0.86,0.95
201707,1.29,1.26
201708,-1.07,-1.06
201709,0.28,0.38
201710,1.13,1.06
201711,2.05,2.38
201712,-0.05,-0.25
201801,-0.19,0.40
201802,-0.14,0.36
201803,-0.84,-0.88
201804,-2.82,-2.57
201805,4.46,4.63
201806,2.05,2.12
201807,1.04,0.99
201808,0.43,0.65
201809,1.54,1.58
201810,-0.85,-0.68
201811,-2.97,-2.92
201812,1.17,1.22
201901,0.21,-0.05
201902,-3.81,-3.51
201903,-3.29,-3.40
201904,0.99,1.35
201905,-1.57,-1.42
201906,-0.78,-0.67
201907,0.21,0.31
201908,0.66,0.74
201909,2.44,2.81
201910,-2.51,-2.57
201911,-1.87,-1.78
201912,2.09,2.00
202001,3.20,3.11
202002,0.53,0.61
202003,2.51,2.65
202004,-0.97,-0.94
202005,-0.15,-0.04
202006,0.79,0.95
202007,1.24,1.30
202008,1.63,1.71
202009,-0.08,-0.05
202010,-0.28,-0.18
202011,3.33,3.35
202012,1.37,1.19
202101,2.24,1.98
202102,-5.05,-4.64
202103,1.95,1.82
202104,0.00,0.13
202105,-0.71,-0.67
202106,3.09,3.19
202107,1.01,1.03
202108,0.90,1.12
202109,1.81,1.89
202110,2.41,2.29
202111,2.11,2.21
202112,5.00,5.26
202201,-1.18,-1.22
202202,-1.96,-1.66
202203,0.49,0.38
202204,-1.20,-1.01
202205,0.82,1.08
202206,1.29,1.31
202207,2.00,2.03
202208,1.53,1.67
202209,2.08,2.03
